cno,carimg
6956,Seltos.jpg
6964,Tucson.jpg
6968,Carens.jpg
6969,Grand Starex.jpg
6973,K7.jpg
6974,Sonata.jpg
6976,Ioniq.jpg
6978,Stinger.jpg
6980,Carens.jpg
6981,Camaro.jpg
6982,Carens.jpg
6985,Grand Starex.jpg
6986,Grandeur.jpg
6987,K3.jpg
6988,Ioniq.jpg
6989,Avante.jpg
6990,Spark.jpg
6994,Sorento.jpg
6995,Ioniq.jpg
6996,Spark.jpg
6998,Avante.jpg
7003,Grandeur.jpg
7006,Camaro.jpg
7007,Stinger.jpg
7008,XM3.jpg
7009,Seltos.jpg
7010,Stinger.jpg
7011,Seltos.jpg
7012,Malibu.jpg
7015,Seltos.jpg
7017,QM6.jpg
7018,Spark.jpg
7019,Grand Starex.jpg
7021,SM6.jpg
7023,Malibu.jpg
7024,Stinger.jpg
7025,Camaro.jpg
7027,QM6.jpg
7028,Sonata.jpg
7030,Grand Starex.jpg
7033,K7.jpg
7040,XM3.jpg
7044,Spark.jpg
7045,SM6.jpg
7046,Seltos.jpg
7047,Seltos.jpg
7048,K3.jpg
7049,Ioniq.jpg
7050,K5.jpg
7056,K7.jpg
7060,Carens.jpg
7061,Avante.jpg
7063,Grand Starex.jpg
7065,Spark.jpg
7066,XM3.jpg
7068,SM6.jpg
7069,K3.jpg
7070,Camaro.jpg
7075,Rexton Sports.jpg
7076,QM6.jpg
7078,Sportage.jpg
7079,Sportage.jpg
7080,Sportage.jpg
7083,Spark.jpg
7085,K5.jpg
7088,SM6.jpg
7091,QM6.jpg
7095,Grand Starex.jpg
7097,Grand Starex.jpg
7099,Tivoli.jpg
7100,Sportage.jpg
7104,Tivoli.jpg
7105,Carens.jpg
7108,QM6.jpg
7111,SM6.jpg
7112,K5.jpg
7122,Tucson.jpg
7128,QM6.jpg
7142,Camaro.jpg
7152,SM6.jpg
7225,Tivoli.jpg
7228,Tucson.jpg
7229,Rexton Sports.jpg
7230,Sorento.jpg
7237,Carens.jpg
8032,QM6.jpg
8037,Avante.jpg
8042,Tucson.jpg
8112,Niro.jpg
8115,Camaro.jpg
8118,Palisade.jpg
8119,Grand Starex.jpg
8137,Korando.jpg
8142,QM6.jpg
8143,Palisade.jpg
8144,K5.jpg
8145,Tucson.jpg
8146,Creta.jpg
8147,SM6.jpg
8150,K7.jpg
8151,Malibu.jpg
8152,Creta.jpg
8159,Grandeur.jpg
8160,Carens.jpg
8161,Rexton Sports.jpg
8878,Seltos.jpg
8879,Korando.jpg
9011,Grand Starex.jpg
9012,Carnival.jpg
9042,Tivoli.jpg
9043,K3.jpg
9047,Stinger.jpg
9055,SM6.jpg
9057,XM3.jpg
9065,Malibu.jpg
9067,Seltos.jpg
9068,Spark.jpg
9071,Malibu.jpg
9072,Malibu.jpg
9073,Rexton Sports.jpg
9079,Avante.jpg
9082,Stinger.jpg
9083,Sorento.jpg
9088,Ioniq.jpg
9089,XM3.jpg
9090,Sportage.jpg
9091,QM6.jpg
9096,Grandeur.jpg
9098,Avante.jpg
9099,Sonata.jpg
9101,Sonata.jpg
9102,Rexton Sports.jpg
9103,K7.jpg
9106,Sonata.jpg
9109,Sonata.jpg
9110,Spark.jpg
9113,Camaro.jpg
9114,K7.jpg
9115,QM6.jpg
9120,Grandeur.jpg
9125,Carnival.jpg
9127,Sonata.jpg
9128,Ioniq.jpg
9129,XM3.jpg
9131,SM6.jpg
9132,XM3.jpg
9133,Avante.jpg
9134,Seltos.jpg
9135,Camaro.jpg
9138,K7.jpg
9139,Carens.jpg
9143,Sportage.jpg
9150,K3.jpg
9156,Stinger.jpg
9160,Carens.jpg
9164,Korando.jpg
9174,Niro.jpg
9178,Ioniq.jpg
9179,Sonata.jpg
9180,Avante.jpg
9181,Malibu.jpg
9192,Rexton Sports.jpg
9193,Carnival.jpg
9194,Creta.jpg
9200,Tucson.jpg
9203,K5.jpg
9205,Sonata.jpg
9206,Avante.jpg
9209,Carnival.jpg
9215,Malibu.jpg
9216,Tivoli.jpg
9217,Carnival.jpg
9219,XM3.jpg
9220,Korando.jpg
9223,Malibu.jpg
9224,K3.jpg
9225,Ioniq.jpg
9226,XM3.jpg
9229,Camaro.jpg
9231,Sorento.jpg
9232,Malibu.jpg
9233,Sorento.jpg
9234,Stinger.jpg
9239,Stinger.jpg
9240,Sorento.jpg
9243,Malibu.jpg
9244,K7.jpg
9246,Carens.jpg
9247,Sorento.jpg
9248,Rexton Sports.jpg
9249,Grand Starex.jpg
9250,XM3.jpg
9252,Carens.jpg
9253,Palisade.jpg
9261,Rexton Sports.jpg
9262,Grandeur.jpg
9263,Malibu.jpg
9265,Tivoli.jpg
9271,Grandeur.jpg
9272,Sorento.jpg
